{
  "per_query": {
    "A person in a bright yellow raincoat.": {
      "P@1": 1.0,
      "R@1": 0.2,
      "NDCG@1": 1.0,
      "P@3": 1.0,
      "R@3": 0.6,
      "NDCG@3": 1.0,
      "P@5": 1.0,
      "R@5": 1.0,
      "NDCG@5": 1.0,
      "P@10": 0.5,
      "R@10": 1.0,
      "NDCG@10": 1.0,
      "AP": 1.0,
      "total_relevant": 5,
      "total_retrieved": 5
    },
    "Professional business attire inside a modern office.": {
      "P@1": 1.0,
      "R@1": 0.5,
      "NDCG@1": 1.0,
      "P@3": 0.6666666666666666,
      "R@3": 1.0,
      "NDCG@3": 0.9197207891481876,
      "P@5": 0.4,
      "R@5": 1.0,
      "NDCG@5": 0.9197207891481876,
      "P@10": 0.2,
      "R@10": 1.0,
      "NDCG@10": 0.9197207891481876,
      "AP": 0.8333333333333333,
      "total_relevant": 2,
      "total_retrieved": 5
    },
    "Someone wearing a blue shirt sitting on a park bench.": {
      "P@1": 1.0,
      "R@1": 0.2,
      "NDCG@1": 1.0,
      "P@3": 1.0,
      "R@3": 0.6,
      "NDCG@3": 1.0,
      "P@5": 1.0,
      "R@5": 1.0,
      "NDCG@5": 1.0,
      "P@10": 0.5,
      "R@10": 1.0,
      "NDCG@10": 1.0,
      "AP": 1.0,
      "total_relevant": 5,
      "total_retrieved": 5
    },
    "Casual weekend outfit for a city walk.": {
      "P@1": 0.0,
      "R@1": 0.0,
      "NDCG@1": 0.0,
      "P@3": 0.0,
      "R@3": 0.0,
      "NDCG@3": 0.0,
      "P@5": 0.0,
      "R@5": 0.0,
      "NDCG@5": 0.0,
      "P@10": 0.0,
      "R@10": 0.0,
      "NDCG@10": 0.0,
      "AP": 0.0,
      "total_relevant": 0,
      "total_retrieved": 5
    },
    "A red tie and a white shirt in a formal setting.": {
      "P@1": 1.0,
      "R@1": 0.2,
      "NDCG@1": 1.0,
      "P@3": 1.0,
      "R@3": 0.6,
      "NDCG@3": 1.0,
      "P@5": 1.0,
      "R@5": 1.0,
      "NDCG@5": 1.0,
      "P@10": 0.5,
      "R@10": 1.0,
      "NDCG@10": 1.0,
      "AP": 1.0,
      "total_relevant": 5,
      "total_retrieved": 5
    }
  },
  "aggregated": {
    "P@1": 0.8,
    "P@1_std": 0.4,
    "R@1": 0.21999999999999997,
    "R@1_std": 0.16,
    "NDCG@1": 0.8,
    "NDCG@1_std": 0.4,
    "P@3": 0.7333333333333333,
    "P@3_std": 0.38873012632302,
    "R@3": 0.56,
    "R@3_std": 0.32,
    "NDCG@3": 0.7839441578296376,
    "NDCG@3_std": 0.39320328508680263,
    "P@5": 0.6799999999999999,
    "P@5_std": 0.41182520563948005,
    "R@5": 0.8,
    "R@5_std": 0.4,
    "NDCG@5": 0.7839441578296376,
    "NDCG@5_std": 0.39320328508680263,
    "P@10": 0.33999999999999997,
    "P@10_std": 0.20591260281974003,
    "R@10": 0.8,
    "R@10_std": 0.4,
    "NDCG@10": 0.7839441578296376,
    "NDCG@10_std": 0.39320328508680263,
    "AP": 0.7666666666666666,
    "AP_std": 0.38873012632302006,
    "MAP": 0.7666666666666666
  },
  "num_queries": 5,
  "note": "Automatic evaluation using constraint matching. Less accurate than manual annotation."
}