{
  "per_query": {
    "A person in a bright yellow raincoat.": {
      "P@1": 0.0,
      "R@1": 0.0,
      "NDCG@1": 0.0,
      "P@3": 0.0,
      "R@3": 0.0,
      "NDCG@3": 0.0,
      "P@5": 0.0,
      "R@5": 0.0,
      "NDCG@5": 0.0,
      "P@10": 0.0,
      "R@10": 0.0,
      "NDCG@10": 0.0,
      "AP": 0.0,
      "total_relevant": 0,
      "total_retrieved": 5
    },
    "Professional business attire inside a modern office.": {
      "P@1": 0.0,
      "R@1": 0.0,
      "NDCG@1": 0.0,
      "P@3": 0.0,
      "R@3": 0.0,
      "NDCG@3": 0.0,
      "P@5": 0.0,
      "R@5": 0.0,
      "NDCG@5": 0.0,
      "P@10": 0.0,
      "R@10": 0.0,
      "NDCG@10": 0.0,
      "AP": 0.0,
      "total_relevant": 0,
      "total_retrieved": 5
    },
    "Someone wearing a blue shirt sitting on a park bench.": {
      "P@1": 1.0,
      "R@1": 0.3333333333333333,
      "NDCG@1": 1.0,
      "P@3": 1.0,
      "R@3": 1.0,
      "NDCG@3": 1.0,
      "P@5": 0.6,
      "R@5": 1.0,
      "NDCG@5": 1.0,
      "P@10": 0.3,
      "R@10": 1.0,
      "NDCG@10": 1.0,
      "AP": 1.0,
      "total_relevant": 3,
      "total_retrieved": 5
    },
    "Casual weekend outfit for a city walk.": {
      "P@1": 0.0,
      "R@1": 0.0,
      "NDCG@1": 0.0,
      "P@3": 0.0,
      "R@3": 0.0,
      "NDCG@3": 0.0,
      "P@5": 0.0,
      "R@5": 0.0,
      "NDCG@5": 0.0,
      "P@10": 0.0,
      "R@10": 0.0,
      "NDCG@10": 0.0,
      "AP": 0.0,
      "total_relevant": 0,
      "total_retrieved": 5
    },
    "A red tie and a white shirt in a formal setting.": {
      "P@1": 1.0,
      "R@1": 0.5,
      "NDCG@1": 1.0,
      "P@3": 0.3333333333333333,
      "R@3": 0.5,
      "NDCG@3": 0.6131471927654584,
      "P@5": 0.4,
      "R@5": 1.0,
      "NDCG@5": 0.8503449055347546,
      "P@10": 0.2,
      "R@10": 1.0,
      "NDCG@10": 0.8503449055347546,
      "AP": 0.7,
      "total_relevant": 2,
      "total_retrieved": 5
    }
  },
  "aggregated": {
    "P@1": 0.4,
    "P@1_std": 0.48989794855663565,
    "R@1": 0.16666666666666666,
    "R@1_std": 0.21081851067789195,
    "NDCG@1": 0.4,
    "NDCG@1_std": 0.48989794855663565,
    "P@3": 0.26666666666666666,
    "P@3_std": 0.38873012632302006,
    "R@3": 0.3,
    "R@3_std": 0.39999999999999997,
    "NDCG@3": 0.3226294385530917,
    "NDCG@3_std": 0.4136425284930809,
    "P@5": 0.2,
    "P@5_std": 0.2529822128134704,
    "R@5": 0.4,
    "R@5_std": 0.48989794855663565,
    "NDCG@5": 0.3700689811069509,
    "NDCG@5_std": 0.4557041155138336,
    "P@10": 0.1,
    "P@10_std": 0.1264911064067352,
    "R@10": 0.4,
    "R@10_std": 0.48989794855663565,
    "NDCG@10": 0.3700689811069509,
    "NDCG@10_std": 0.4557041155138336,
    "AP": 0.33999999999999997,
    "AP_std": 0.4270831300812524,
    "MAP": 0.33999999999999997
  },
  "num_queries": 5,
  "note": "Automatic evaluation using constraint matching. Less accurate than manual annotation."
}